<?xml version='1.0' encoding='UTF-8'?>
<ServiceRequest>
  <omwObjectName>SRE_2210160003JDE</omwObjectName>
  <studioVersion>9.2.7.2</studioVersion>
  <name>FLU_Employee</name>
  <shortDesc>FLU_Employee</shortDesc>
  <productCode>55</productCode>
  <locale>en</locale>
  <updateTime>1700851752712</updateTime>
  <description></description>
  <group>0</group>
  <appStack>false</appStack>
  <returnFromAllForms>false</returnFromAllForms>
  <bypassER>false</bypassER>
  <serviceRequestSteps>
    <serviceRequestSteps type="dataRequest">
      <dataRequest>
        <outputType>GRID_DATA</outputType>
        <aliasNaming>true</aliasNaming>
        <showActionControls>false</showActionControls>
        <includeTimings>false</includeTimings>
        <allowCache>true</allowCache>
        <forceUpdate>false</forceUpdate>
        <cacheTime>0</cacheTime>
        <setDirtyOnly>false</setDirtyOnly>
        <userPreferenceDateTimeFormat>false</userPreferenceDateTimeFormat>
        <enableNextPageProcessing>false</enableNextPageProcessing>
        <maxPageSize>NO MAX</maxPageSize>
        <returnControlIDs>FEMPLOYE.EID|FEMPLOYE.EMPNAME|FEMPLOYE.KID|FEMPLOYE.JBCX</returnControlIDs>
        <variableNames>Employee ID|Employee Name|Company ID|Job Desc</variableNames>
        <formActions/>
        <query>
          <complexQuery>
            <complexQuery>
              <query>
                <condition>
                  <condition>
                    <value/>
                    <controlId>FEMPLOYE.EMPNAME</controlId>
                    <operator>14</operator>
                    <operatorString>STR_NOT_BLANK</operatorString>
                  </condition>
                </condition>
                <matchType>0</matchType>
              </query>
            </complexQuery>
          </complexQuery>
          <autoFind>true</autoFind>
          <autoClear>true</autoClear>
        </query>
        <batchDataRequest>false</batchDataRequest>
        <targetName>FEMPLOYE</targetName>
        <targetType>table</targetType>
        <dataServiceType>BROWSE</dataServiceType>
        <aggregation>
          <orderBy>
            <orderBy>
              <column>FEMPLOYE.EMPNAME</column>
              <direction>ASC</direction>
              <specialHandling></specialHandling>
            </orderBy>
          </orderBy>
        </aggregation>
        <monitorService>false</monitorService>
        <pageSize>1000</pageSize>
        <includeCount>false</includeCount>
        <includeEmptyQueryValues>true</includeEmptyQueryValues>
      </dataRequest>
    </serviceRequestSteps>
  </serviceRequestSteps>
</ServiceRequest>
