<?xml version='1.0' encoding='UTF-8'?>
<ServiceRequest>
  <omwObjectName>SRE_2210160002JDE</omwObjectName>
  <studioVersion>9.2.7.2</studioVersion>
  <name>Flu_Company</name>
  <shortDesc>Flu_Company</shortDesc>
  <productCode>55</productCode>
  <locale>en</locale>
  <updateTime>1701031942954</updateTime>
  <description></description>
  <group>0</group>
  <appStack>false</appStack>
  <returnFromAllForms>false</returnFromAllForms>
  <bypassER>false</bypassER>
  <serviceRequestSteps>
    <serviceRequestSteps type="dataRequest">
      <dataRequest>
        <outputType>GRID_DATA</outputType>
        <aliasNaming>true</aliasNaming>
        <showActionControls>false</showActionControls>
        <includeTimings>false</includeTimings>
        <allowCache>true</allowCache>
        <forceUpdate>false</forceUpdate>
        <cacheTime>0</cacheTime>
        <setDirtyOnly>false</setDirtyOnly>
        <userPreferenceDateTimeFormat>false</userPreferenceDateTimeFormat>
        <enableNextPageProcessing>false</enableNextPageProcessing>
        <maxPageSize>NO MAX</maxPageSize>
        <returnControlIDs>FCOMPANY.CONAME|FCOMPANY.AN8|FCOMPANY.COUNAME|FCOMPANY.CITYNAME|FCOMPANY.EMPNAME</returnControlIDs>
        <variableNames>Company Name|Address Number|Country Name|City Name|Employee Name</variableNames>
        <formActions/>
        <query>
          <complexQuery>
            <complexQuery>
              <query>
                <condition>
                  <condition>
                    <value>
                      <value>
                        <content>${Company ID 1}</content>
                        <specialValueId>0</specialValueId>
                        <specialValueString>LITERAL</specialValueString>
                      </value>
                    </value>
                    <controlId>FCOMPANY.KID</controlId>
                    <operator>0</operator>
                    <operatorString>EQUAL</operatorString>
                  </condition>
                </condition>
                <matchType>0</matchType>
              </query>
            </complexQuery>
          </complexQuery>
          <autoFind>true</autoFind>
          <autoClear>true</autoClear>
        </query>
        <batchDataRequest>false</batchDataRequest>
        <targetName>V5500001</targetName>
        <targetType>view</targetType>
        <dataServiceType>BROWSE</dataServiceType>
        <monitorService>false</monitorService>
        <pageSize>1000</pageSize>
        <includeCount>false</includeCount>
        <countVariableName></countVariableName>
        <includeEmptyQueryValues>true</includeEmptyQueryValues>
      </dataRequest>
    </serviceRequestSteps>
  </serviceRequestSteps>
</ServiceRequest>
