<?xml version='1.0' encoding='UTF-8'?>
<ServiceRequest>
  <omwObjectName>SRE_2403280001JDE</omwObjectName>
  <studioVersion>9.2.7.2</studioVersion>
  <name>GetImageFile</name>
  <shortDesc>GetImageFile</shortDesc>
  <productCode>55</productCode>
  <locale>en</locale>
  <updateTime>1711658543998</updateTime>
  <description></description>
  <group>0</group>
  <appStack>false</appStack>
  <returnFromAllForms>false</returnFromAllForms>
  <bypassER>false</bypassER>
  <serviceRequestSteps>
    <serviceRequestSteps type="attachments">
      <gtStructureName>GT5500001</gtStructureName>
      <moKeys>
        <moKeys>
          <controlId>1</controlId>
          <description>Asset  Key number (ASTID)</description>
          <name>assetID</name>
          <ddItem>ASTID</ddItem>
          <keyValue>${assetID}</keyValue>
        </moKeys>
        <moKeys>
          <controlId>2</controlId>
          <description>Employee Key number (EID)</description>
          <name>eeID</name>
          <ddItem>EID</ddItem>
          <keyValue>${eeID}</keyValue>
        </moKeys>
      </moKeys>
      <moType>FILE</moType>
      <action>DOWNLOAD_FILE</action>
      <sequence>${SequenceNum}</sequence>
      <appendOnNewLine>true</appendOnNewLine>
      <keepTempFiles>false</keepTempFiles>
      <overwriteFile>true</overwriteFile>
      <downloadAll>false</downloadAll>
      <responseArrayName>AssetImageFile</responseArrayName>
      <responseFileNameVariable>ImageName</responseFileNameVariable>
      <htmlText>false</htmlText>
    </serviceRequestSteps>
  </serviceRequestSteps>
</ServiceRequest>
