<?xml version='1.0' encoding='UTF-8'?>
<ServiceRequest>
  <omwObjectName>SRE_2405260001JDE</omwObjectName>
  <studioVersion>9.2.7.2</studioVersion>
  <name>GetNextNumber</name>
  <shortDesc>GetNextNumber</shortDesc>
  <productCode>55</productCode>
  <locale>en</locale>
  <updateTime>1716769161650</updateTime>
  <description></description>
  <group>0</group>
  <appStack>false</appStack>
  <returnFromAllForms>false</returnFromAllForms>
  <bypassER>false</bypassER>
  <serviceRequestSteps>
    <serviceRequestSteps type="customServiceRequest">
      <scriptLanguage>groovy</scriptLanguage>
      <outputs/>
      <objectName>X00022</objectName>
      <functionName>GetNextUniqueKeyID</functionName>
      <dataStructureName>DX00022A</dataStructureName>
      <bsfnInputs>
        <bsfnInputs>
          <name>szObjectName</name>
          <input>szObjectName</input>
          <defaultValue></defaultValue>
          <controlID>1</controlID>
          <type>String</type>
        </bsfnInputs>
      </bsfnInputs>
      <bsfnReturnControls>
        <bsfnReturnControls>
          <controlID>2</controlID>
          <variable>mnUniqueKeyID</variable>
          <title>mnUniqueKeyID</title>
          <type>Numeric</type>
        </bsfnReturnControls>
      </bsfnReturnControls>
      <isAsynch>false</isAsynch>
    </serviceRequestSteps>
  </serviceRequestSteps>
</ServiceRequest>
