<?xml version='1.0' encoding='UTF-8'?>
<LogicExtension>
  <omwObjectName>LEX_2404240001JDE</omwObjectName>
  <studioVersion>9.2.7.2</studioVersion>
  <name>GetAssetByEEID</name>
  <shortDesc>GetAssetByEEID</shortDesc>
  <productCode>55</productCode>
  <locale>en</locale>
  <updateTime>1716238761816</updateTime>
  <description></description>
  <lexDefinition>{"specVersion":"9.2.7","isValid":true,"name":"new EER","maxStructId":10,"maxVarId":7,"structure":[{"id":1,"type":"DS","dataType":2,"dict":"EID","name":"employeeID","isBoolean":false,"isArray":false,"isCustom":false,"editRule":"","productCode":"","userDefinedCodes":"","parentId":0,"childIds":[],"isLength":false,"lengthId":0,"skipFormatting":false,"ioType":1,"isRequired":true},{"id":4,"type":"DS","dataType":100,"name":"Array","isBoolean":false,"isArray":false,"isCustom":false,"parentId":0,"childIds":[5,8,10],"isLength":false,"lengthId":4,"skipFormatting":true,"ioType":2,"isRequired":false,"outputVariableName":"AssetArray"},{"id":5,"type":"DS","dataType":2,"dict":"ASTID","name":"AssetID","isBoolean":false,"isArray":true,"isCustom":false,"editRule":"","productCode":"","userDefinedCodes":"","parentId":"4","childIds":[],"isLength":false,"lengthId":0,"skipFormatting":false,"ioType":2,"isRequired":false,"outputVariableName":"AssetID"},{"id":8,"type":"DS","dataType":2,"dict":"ASETNAME","name":"AssetName","isBoolean":false,"isArray":true,"isCustom":false,"editRule":"","productCode":"","userDefinedCodes":"","parentId":"4","childIds":[],"isLength":false,"lengthId":0,"skipFormatting":false,"ioType":2,"isRequired":false,"outputVariableName":"AssetName"},{"id":10,"type":"DS","dataType":9,"dict":"APYC","name":"Amount","isBoolean":false,"isArray":true,"isCustom":false,"editRule":"","productCode":"","userDefinedCodes":"","parentId":"4","childIds":[],"isLength":false,"lengthId":0,"skipFormatting":false,"ioType":2,"isRequired":false,"outputVariableName":"Amount"}],"variables":[{"id":1,"type":"VA","dataType":2,"dict":"EID","name":"stringEID","isBoolean":false,"isArray":false,"isCustom":false,"editRule":"","productCode":"","userDefinedCodes":"","parentId":0,"childIds":[],"isLength":false,"lengthId":0,"skipFormatting":false},{"id":3,"type":"VA","dataType":2,"dict":"ASTID","name":"stringAID","isBoolean":false,"isArray":false,"isCustom":false,"editRule":"","productCode":"","userDefinedCodes":"","parentId":0,"childIds":[],"isLength":false,"lengthId":0,"skipFormatting":false},{"id":4,"type":"VA","dataType":15,"dict":"INT01","name":"Array.length","isBoolean":false,"isArray":false,"isCustom":false,"parentId":0,"childIds":[],"isLength":true,"skipFormatting":false},{"id":5,"type":"VA","dataType":2,"dict":"ASETNAME","name":"stringASTNAME","isBoolean":false,"isArray":false,"isCustom":false,"editRule":"","productCode":"","userDefinedCodes":"","parentId":0,"childIds":[],"isLength":false,"lengthId":0,"skipFormatting":false},{"id":7,"type":"VA","dataType":9,"dict":"APYC","name":"AmtBeginningBalancePy","isBoolean":false,"isArray":false,"isCustom":false,"editRule":"","productCode":"","userDefinedCodes":"","parentId":0,"childIds":[],"isLength":false,"lengthId":0,"skipFormatting":false},{"id":1000005,"dataType":2,"dict":"ASTID"},{"id":1000008,"dataType":2,"dict":"ASETNAME"},{"id":1000010,"dataType":9,"dict":"APYC"}],"statements":[{"type":"SYS","lineNumber":1,"parameters":{"operation":550,"arguments":[{"type":"DS","dataType":2,"dict":"ASTID","id":5,"isArray":true},{"type":"VA","dataType":15,"dict":"INT01","id":4}]}},{"type":"TABLEIO","lineNumber":2,"title":"Select All","description":"FASSET","parameters":{"handle":null,"env":null,"name":"FASSET","operation":9,"type":0,"index":1,"input":[],"output":[],"filters":[]}},{"type":"TABLEIO","lineNumber":3,"title":"Fetch Next","description":"FASSET","parameters":{"handle":null,"env":null,"name":"FASSET","operation":4,"type":0,"index":1,"input":[],"output":[{"column":"ASTID","object":{"type":"VA","dataType":2,"dict":"ASTID","id":3}},{"column":"APYC","object":{"type":"VA","dataType":9,"dict":"APYC","id":7}},{"column":"ASETNAME","object":{"type":"VA","dataType":2,"dict":"ASETNAME","id":5}},{"column":"EID","object":{"type":"VA","dataType":2,"dict":"EID","id":1}}],"filters":[]}},{"type":"WHILE","lineNumber":4,"title":"While","description":"FASSET","parameters":{"expanded":true,"condition":{"type":"CRITERION","operation":0,"arguments":[{"type":"SV","id":103,"dataType":7},{"type":"LI","id":103,"dataType":0,"value":0}]},"statements":[{"type":"IF","lineNumber":5,"title":"If Else","parameters":{"expanded":true,"condition":{"type":"CRITERION","operation":0,"arguments":[{"type":"DS","dataType":2,"dict":"EID","id":1},{"type":"VA","dataType":2,"dict":"EID","id":1}]},"if":{"statements":[{"type":"BLOCK","lineNumber":6,"title":"Assignment Block","parameters":{"statements":[{"type":"ASSIGNMENT","lineNumber":7,"title":"Assign","parameters":{"target":{"type":"VA","dataType":2,"dict":"ASTID","id":1000005},"source":{"type":"VA","dataType":2,"dict":"ASTID","id":3}}},{"type":"ASSIGNMENT","lineNumber":8,"title":"Assign","parameters":{"target":{"type":"VA","dataType":2,"dict":"ASETNAME","id":1000008},"source":{"type":"VA","dataType":2,"dict":"ASETNAME","id":5}}},{"type":"ASSIGNMENT","lineNumber":9,"title":"Assign","parameters":{"target":{"type":"VA","dataType":9,"dict":"APYC","id":1000010},"source":{"type":"VA","dataType":9,"dict":"APYC","id":7}}},{"type":"ASSIGNMENT","lineNumber":10,"title":"Assign","parameters":{"target":{"type":null},"source":{"type":null}}}]}},{"type":"SYS","lineNumber":12,"title":"Array Function","description":"append row","parameters":{"arguments":[{"type":"DS","dataType":2,"dict":"ASTID","id":5,"isArray":true},{"dataType":2,"type":"LI","dict":null,"id":0,"value":"-1"},{"type":"VA","dataType":2,"dict":"ASTID","id":1000005}],"operation":552}},{"type":"SYS","lineNumber":13,"parameters":{"operation":550,"arguments":[{"type":"DS","dataType":2,"dict":"ASTID","id":5,"isArray":true},{"type":"VA","dataType":15,"dict":"INT01","id":4}]}},{"type":"SYS","lineNumber":14,"title":"Array Function","description":"append row","parameters":{"arguments":[{"type":"DS","dataType":2,"dict":"ASETNAME","id":8,"isArray":true},{"dataType":2,"type":"LI","dict":null,"id":0,"value":"-1"},{"type":"VA","dataType":2,"dict":"ASETNAME","id":1000008}],"operation":552}},{"type":"SYS","lineNumber":15,"title":"Array Function","description":"append row","parameters":{"arguments":[{"type":"DS","dataType":9,"dict":"APYC","id":10,"isArray":true},{"dataType":2,"type":"LI","dict":null,"id":0,"value":"-1"},{"type":"VA","dataType":9,"dict":"APYC","id":1000010}],"operation":552}}]},"ifBranchLabel":"","elseif":[],"else":{"statements":[]},"elseBranchLabel":"Else"}},{"type":"TABLEIO","lineNumber":16,"title":"Fetch Next","description":"FASSET","parameters":{"handle":null,"env":null,"name":"FASSET","operation":4,"type":0,"index":1,"input":[],"output":[{"column":"ASTID","object":{"type":"VA","dataType":2,"dict":"ASTID","id":3}},{"column":"APYC","object":{"type":"VA","dataType":9,"dict":"APYC","id":7}},{"column":"ASETNAME","object":{"type":"VA","dataType":2,"dict":"ASETNAME","id":5}},{"column":"EID","object":{"type":"VA","dataType":2,"dict":"EID","id":1}}],"filters":[]}}],"loopBranchLabel":"Equals success"}}]}</lexDefinition>
</LogicExtension>
