<?xml version='1.0' encoding='UTF-8'?>
<LogicExtension>
  <omwObjectName>LEX_2401060001JDE</omwObjectName>
  <studioVersion>9.2.7.2</studioVersion>
  <name>LE_CreateEmployee</name>
  <shortDesc>LE_CreateEmployee</shortDesc>
  <productCode>55</productCode>
  <locale>en</locale>
  <updateTime>1704571240407</updateTime>
  <description></description>
  <lexDefinition>{"specVersion":"9.2.7","isValid":true,"name":"new EER","maxStructId":6,"maxVarId":1,"structure":[{"id":2,"type":"DS","dataType":2,"dict":"EID","name":"EmployeeID","isBoolean":false,"isArray":false,"isCustom":false,"editRule":"","productCode":"","userDefinedCodes":"","parentId":0,"childIds":[],"isLength":false,"lengthId":0,"skipFormatting":false,"ioType":1,"isRequired":true},{"id":3,"type":"DS","dataType":2,"dict":"EMPNAME","name":"EmployeeName","isBoolean":false,"isArray":false,"isCustom":false,"editRule":"","productCode":"","userDefinedCodes":"","parentId":0,"childIds":[],"isLength":false,"lengthId":0,"skipFormatting":false,"ioType":1,"isRequired":true},{"id":4,"type":"DS","dataType":2,"dict":"KID","name":"CompanyID","isBoolean":false,"isArray":false,"isCustom":false,"editRule":"","productCode":"","userDefinedCodes":"","parentId":0,"childIds":[],"isLength":false,"lengthId":0,"skipFormatting":false,"ioType":1,"isRequired":true},{"id":5,"type":"DS","dataType":2,"dict":"JBCX","name":"JobTitle","isBoolean":false,"isArray":false,"isCustom":false,"editRule":"","productCode":"","userDefinedCodes":"","parentId":0,"childIds":[],"isLength":false,"lengthId":0,"skipFormatting":false,"ioType":1,"isRequired":false},{"id":6,"type":"DS","dataType":1,"name":"IOFlag","isBoolean":true,"isArray":false,"isCustom":false,"parentId":0,"childIds":[],"isLength":false,"skipFormatting":false,"ioType":2,"outputVariableName":"IOFlag"}],"variables":[{"id":1,"type":"VA","dataType":9,"dict":"AN8","name":"AddressNumber","isBoolean":false,"isArray":false,"isCustom":false,"parentId":0,"childIds":[],"isLength":false,"skipFormatting":false}],"statements":[{"type":"TABLEIO","lineNumber":1,"title":"Insert","description":"FEMPLOYE","parameters":{"handle":null,"env":null,"name":"FEMPLOYE","operation":5,"type":0,"index":1,"input":[{"column":"EID","object":{"type":"DS","dataType":2,"dict":"EID","id":2}},{"column":"EMPNAME","object":{"type":"DS","dataType":2,"dict":"EMPNAME","id":3}},{"column":"KID","object":{"type":"DS","dataType":2,"dict":"KID","id":4}},{"column":"JBCX","object":{"type":"DS","dataType":2,"dict":"JBCX","id":5}}],"output":[],"filters":[]}},{"type":"IF","lineNumber":2,"title":"If Else","parameters":{"expanded":true,"condition":{"type":"CRITERION","operation":0,"arguments":[{"type":"SV","id":103,"dataType":7},{"type":"LI","id":103,"dataType":0,"value":0}]},"if":{"statements":[{"type":"BLOCK","lineNumber":3,"title":"Assignment Block","parameters":{"statements":[{"type":"ASSIGNMENT","lineNumber":4,"title":"Assign","parameters":{"target":{"type":"DS","dataType":1,"id":6},"source":{"type":"LI","value":"T","id":0,"dataType":1,"dict":null,"isBoolean":true,"parentOperator":null}}},{"type":"ASSIGNMENT","lineNumber":5,"title":"Assign","parameters":{"target":{"type":null},"source":{"type":null}}}]}}]},"ifBranchLabel":"","elseif":[],"else":{"statements":[{"type":"BLOCK","lineNumber":6,"title":"Assignment Block","parameters":{"statements":[{"type":"ASSIGNMENT","lineNumber":7,"title":"Assign","parameters":{"target":{"type":"DS","dataType":1,"id":6},"source":{"type":"LI","value":"F","id":0,"dataType":1,"dict":null,"isBoolean":true,"parentOperator":null}}},{"type":"ASSIGNMENT","lineNumber":8,"title":"Assign","parameters":{"target":{"type":null},"source":{"type":null}}}]}}]},"elseBranchLabel":"Else"}}]}</lexDefinition>
</LogicExtension>
