<?xml version='1.0' encoding='UTF-8'?>
<LogicExtension>
  <omwObjectName>LEX_2312030001JDE</omwObjectName>
  <studioVersion>9.2.7.2</studioVersion>
  <name>LE_DeleteEmployee</name>
  <shortDesc>LE_DeleteEmployee</shortDesc>
  <productCode>55</productCode>
  <locale>en</locale>
  <updateTime>1701639850723</updateTime>
  <description></description>
  <lexDefinition>{"specVersion":"9.2.7","isValid":true,"name":"new EER","maxStructId":3,"maxVarId":0,"structure":[{"id":1,"type":"DS","dataType":2,"dict":"EID","name":"employeeID","isBoolean":false,"isArray":false,"isCustom":false,"editRule":"","productCode":"","userDefinedCodes":"","parentId":0,"childIds":[],"isLength":false,"lengthId":0,"skipFormatting":false,"ioType":1,"isRequired":true}],"variables":[],"statements":[{"type":"TABLEIO","lineNumber":1,"title":"Delete","description":"FEMPLOYE","parameters":{"handle":null,"env":null,"name":"FEMPLOYE","operation":7,"type":0,"index":1,"input":[{"column":"EID","object":{"type":"DS","dataType":2,"dict":"EID","id":1}}],"output":[],"filters":[{"column":"EID","filter":"="}]}}]}</lexDefinition>
</LogicExtension>
