<?xml version='1.0' encoding='UTF-8'?>
<LogicExtension>
  <omwObjectName>LEX_2401170001JDE</omwObjectName>
  <studioVersion>9.2.7.2</studioVersion>
  <name>LE_UpdateEmployee</name>
  <shortDesc>LE_UpdateEmployee</shortDesc>
  <productCode>55</productCode>
  <locale>en</locale>
  <updateTime>1705523575515</updateTime>
  <description></description>
  <lexDefinition>{"specVersion":"9.2.7","isValid":true,"name":"new EER","maxStructId":5,"maxVarId":0,"structure":[{"id":1,"type":"DS","dataType":2,"dict":"EID","name":"EmployeeShortID","isBoolean":false,"isArray":false,"isCustom":false,"editRule":"","productCode":"","userDefinedCodes":"","parentId":0,"childIds":[],"isLength":false,"lengthId":0,"skipFormatting":false,"ioType":1,"isRequired":true},{"id":2,"type":"DS","dataType":2,"dict":"EMPNAME","name":"EmployeeName","isBoolean":false,"isArray":false,"isCustom":false,"editRule":"","productCode":"","userDefinedCodes":"","parentId":0,"childIds":[],"isLength":false,"lengthId":0,"skipFormatting":false,"ioType":1,"isRequired":true},{"id":3,"type":"DS","dataType":2,"dict":"KID","name":"CompanyShortID","isBoolean":false,"isArray":false,"isCustom":false,"editRule":"","productCode":"","userDefinedCodes":"","parentId":0,"childIds":[],"isLength":false,"lengthId":0,"skipFormatting":false,"ioType":1,"isRequired":true},{"id":4,"type":"DS","dataType":2,"dict":"JBCX","name":"JobTitle","isBoolean":false,"isArray":false,"isCustom":false,"editRule":"","productCode":"","userDefinedCodes":"","parentId":0,"childIds":[],"isLength":false,"lengthId":0,"skipFormatting":false,"ioType":1,"isRequired":true},{"id":5,"type":"DS","dataType":1,"name":"IOFlag","isBoolean":true,"isArray":false,"isCustom":false,"parentId":0,"childIds":[],"isLength":false,"skipFormatting":false,"ioType":2,"outputVariableName":"IOFlag"}],"variables":[],"statements":[{"type":"TABLEIO","lineNumber":1,"title":"Update and Retain","description":"FEMPLOYE","parameters":{"handle":null,"env":null,"name":"FEMPLOYE","operation":13,"type":0,"index":1,"input":[{"column":"EID","object":{"type":"DS","dataType":2,"dict":"EID","id":1}},{"column":"EMPNAME","object":{"type":"DS","dataType":2,"dict":"EMPNAME","id":2}},{"column":"KID","object":{"type":"DS","dataType":2,"dict":"KID","id":3}},{"column":"JBCX","object":{"type":"DS","dataType":2,"dict":"JBCX","id":4}}],"output":[],"filters":[{"column":"EID","filter":"="}]}},{"type":"IF","lineNumber":2,"title":"If Else","parameters":{"expanded":true,"condition":{"type":"CRITERION","operation":0,"arguments":[{"type":"SV","id":103,"dataType":7},{"type":"LI","id":103,"dataType":0,"value":0}]},"if":{"statements":[{"type":"BLOCK","lineNumber":3,"title":"Assignment Block","parameters":{"statements":[{"type":"ASSIGNMENT","lineNumber":4,"title":"Assign","parameters":{"target":{"type":"DS","dataType":1,"id":5},"source":{"type":"LI","value":"T","id":0,"dataType":1,"dict":null,"isBoolean":true,"parentOperator":null}}},{"type":"ASSIGNMENT","lineNumber":5,"title":"Assign","parameters":{"target":{"type":null},"source":{"type":null}}}]}}]},"ifBranchLabel":"success","elseif":[],"else":{"statements":[{"type":"BLOCK","lineNumber":6,"title":"Assignment Block","parameters":{"statements":[{"type":"ASSIGNMENT","lineNumber":7,"title":"Assign","parameters":{"target":{"type":"DS","dataType":1,"id":5},"source":{"type":"LI","value":"F","id":0,"dataType":1,"dict":null,"isBoolean":true,"parentOperator":null}}},{"type":"ASSIGNMENT","lineNumber":8,"title":"Assign","parameters":{"target":{"type":null},"source":{"type":null}}}]}}]},"elseBranchLabel":"Else"}}]}</lexDefinition>
</LogicExtension>
