<?xml version='1.0' encoding='UTF-8'?>
<Orchestration>
  <omwObjectName>ORC_2405190001JDE</omwObjectName>
  <studioVersion>9.2.7.2</studioVersion>
  <name>GetAllAssetByEEID</name>
  <shortDesc>GetAllAssetByEEID</shortDesc>
  <version>v3</version>
  <productCode>55</productCode>
  <locale>en</locale>
  <category>JDE_Flutter</category>
  <updateTime>1717278930361</updateTime>
  <description></description>
  <message></message>
  <warningMessage></warningMessage>
  <errorMessage></errorMessage>
  <includeMessage>false</includeMessage>
  <includeWarningMessage>true</includeWarningMessage>
  <includeErrorMessage>true</includeErrorMessage>
  <includeStatus>true</includeStatus>
  <includeTimestamp>true</includeTimestamp>
  <includeExecutionTime>true</includeExecutionTime>
  <inputFormat>Generic</inputFormat>
  <jobQueue>JDE__DEFAULT</jobQueue>
  <scheduleUDOName></scheduleUDOName>
  <scheduleName></scheduleName>
  <nullDateAsString>false</nullDateAsString>
  <isPrivate>false</isPrivate>
  <exampleOutput></exampleOutput>
  <scheduleInput>{}</scheduleInput>
  <inputTypes>
    <inputTypes type="String" required="false" useBlankDefault="false">
      <name>employeeID</name>
      <displayName>employeeID</displayName>
    </inputTypes>
  </inputTypes>
  <variableTypes/>
  <orchestrationSteps>
    <orchestrationSteps type="LogicExtension" iterateOver="">
      <name>GetAssetByEEID</name>
      <omwObjectName>LEX_2404240001JDE</omwObjectName>
      <transformations>
        <transformations input="employeeID" output="employeeID" defaultValue=""/>
      </transformations>
      <outputMappings>
        <formOutputMappings>
          <formOutputMappings>
            <formIndex>0</formIndex>
            <name>AssetArray</name>
            <outputToFile>false</outputToFile>
            <outputFileName></outputFileName>
            <outputType>CSV</outputType>
            <keepTempFiles>false</keepTempFiles>
            <overwriteFile>false</overwriteFile>
            <removeRowsetFromResponse>false</removeRowsetFromResponse>
            <gridOutputMappings>
              <gridOutputMappings>
                <gridId>4</gridId>
                <outputMappings>
                  <outputMappings>
                    <name>AssetID</name>
                    <id>5</id>
                    <type>String</type>
                  </outputMappings>
                  <outputMappings>
                    <name>AssetName</name>
                    <id>8</id>
                    <type>String</type>
                  </outputMappings>
                  <outputMappings>
                    <name>Amount</name>
                    <id>10</id>
                    <type>Numeric</type>
                  </outputMappings>
                </outputMappings>
              </gridOutputMappings>
            </gridOutputMappings>
          </formOutputMappings>
        </formOutputMappings>
      </outputMappings>
      <continueOnError>false</continueOnError>
      <additionalErrorText></additionalErrorText>
      <exceptionProcess></exceptionProcess>
      <exceptionProcessName></exceptionProcessName>
      <exceptionProcessType>NONE</exceptionProcessType>
      <exProcFireAndForget>false</exProcFireAndForget>
      <excInputs/>
      <includeRawOutput>false</includeRawOutput>
      <fireAndForget>false</fireAndForget>
    </orchestrationSteps>
  </orchestrationSteps>
</Orchestration>
