<?xml version='1.0' encoding='UTF-8'?>
<Orchestration>
  <omwObjectName>ORC_2403280001JDE</omwObjectName>
  <studioVersion>9.2.7.2</studioVersion>
  <name>GetImageFile</name>
  <shortDesc>GetImageFile</shortDesc>
  <version>v3</version>
  <productCode>55</productCode>
  <locale>en</locale>
  <category>JDE_Flutter</category>
  <updateTime>1717278965053</updateTime>
  <description></description>
  <message></message>
  <warningMessage></warningMessage>
  <errorMessage></errorMessage>
  <includeMessage>false</includeMessage>
  <includeWarningMessage>true</includeWarningMessage>
  <includeErrorMessage>true</includeErrorMessage>
  <includeStatus>true</includeStatus>
  <includeTimestamp>true</includeTimestamp>
  <includeExecutionTime>true</includeExecutionTime>
  <inputFormat>Generic</inputFormat>
  <jobQueue>JDE__DEFAULT</jobQueue>
  <scheduleUDOName></scheduleUDOName>
  <scheduleName></scheduleName>
  <nullDateAsString>false</nullDateAsString>
  <isPrivate>false</isPrivate>
  <exampleOutput></exampleOutput>
  <scheduleInput>{}</scheduleInput>
  <inputTypes>
    <inputTypes type="String" required="true" useBlankDefault="false">
      <name>eeID</name>
      <displayName>eeID</displayName>
    </inputTypes>
    <inputTypes type="String" required="true" useBlankDefault="false">
      <name>SeqID</name>
      <displayName>SeqID</displayName>
    </inputTypes>
    <inputTypes type="String" required="true" useBlankDefault="false">
      <name>AssetID</name>
      <displayName>AssetID</displayName>
    </inputTypes>
  </inputTypes>
  <variableTypes/>
  <orchestrationSteps>
    <orchestrationSteps type="ServiceRequest" subType="ATTACHMENTS" iterateOver="">
      <name>GetImageFile</name>
      <omwObjectName>SRE_2403280001JDE</omwObjectName>
      <transformations>
        <transformations input="AssetID" output="${assetID}" defaultValue=""/>
        <transformations input="eeID" output="${eeID}" defaultValue=""/>
        <transformations input="SeqID" output="${SequenceNum}" defaultValue=""/>
      </transformations>
      <outputMappings/>
      <continueOnError>false</continueOnError>
      <additionalErrorText></additionalErrorText>
      <exceptionProcess></exceptionProcess>
      <exceptionProcessName></exceptionProcessName>
      <exceptionProcessType>NONE</exceptionProcessType>
      <exProcFireAndForget>false</exProcFireAndForget>
      <excInputs/>
      <includeRawOutput>false</includeRawOutput>
      <fireAndForget>false</fireAndForget>
    </orchestrationSteps>
  </orchestrationSteps>
  <fileOutput>
    <isZipOutput>false</isZipOutput>
    <orchOutputFiles>
      <orchOutputFiles>
        <useArray>false</useArray>
        <variable>fileName</variable>
        <arrayName></arrayName>
      </orchOutputFiles>
    </orchOutputFiles>
    <includeJSONOutputFile>false</includeJSONOutputFile>
    <useResponseBytes>false</useResponseBytes>
  </fileOutput>
</Orchestration>
