<?xml version='1.0' encoding='UTF-8'?>
<Orchestration>
  <omwObjectName>ORC_2405260001JDE</omwObjectName>
  <studioVersion>9.2.7.2</studioVersion>
  <name>GetNextNumber</name>
  <shortDesc>GetNextNumber</shortDesc>
  <version>v3</version>
  <productCode>55</productCode>
  <locale>en</locale>
  <category>JDE_Flutter</category>
  <updateTime>1717278851586</updateTime>
  <description></description>
  <message></message>
  <warningMessage></warningMessage>
  <errorMessage></errorMessage>
  <includeMessage>false</includeMessage>
  <includeWarningMessage>true</includeWarningMessage>
  <includeErrorMessage>true</includeErrorMessage>
  <includeStatus>true</includeStatus>
  <includeTimestamp>true</includeTimestamp>
  <includeExecutionTime>true</includeExecutionTime>
  <inputFormat>Generic</inputFormat>
  <jobQueue>JDE__DEFAULT</jobQueue>
  <scheduleUDOName></scheduleUDOName>
  <scheduleName></scheduleName>
  <nullDateAsString>false</nullDateAsString>
  <isPrivate>false</isPrivate>
  <exampleOutput></exampleOutput>
  <scheduleInput>{}</scheduleInput>
  <inputTypes>
    <inputTypes type="String" required="true" useBlankDefault="false">
      <name>table</name>
      <displayName>table</displayName>
    </inputTypes>
  </inputTypes>
  <variableTypes/>
  <orchestrationSteps>
    <orchestrationSteps type="ServiceRequest" subType="CUSTOM" iterateOver="">
      <name>GetNextNumber</name>
      <omwObjectName>SRE_2405260001JDE</omwObjectName>
      <transformations>
        <transformations input="table" output="szObjectName" defaultValue=""/>
      </transformations>
      <outputMappings>
        <formOutputMappings>
          <formOutputMappings>
            <formIndex>0</formIndex>
            <outputMappings>
              <outputMappings>
                <name>mnUniqueKeyID</name>
                <id>mnUniqueKeyID</id>
                <type>Numeric</type>
              </outputMappings>
            </outputMappings>
          </formOutputMappings>
        </formOutputMappings>
      </outputMappings>
      <continueOnError>false</continueOnError>
      <additionalErrorText></additionalErrorText>
      <exceptionProcess></exceptionProcess>
      <exceptionProcessName></exceptionProcessName>
      <exceptionProcessType>NONE</exceptionProcessType>
      <exProcFireAndForget>false</exProcFireAndForget>
      <excInputs/>
      <includeRawOutput>false</includeRawOutput>
      <fireAndForget>false</fireAndForget>
    </orchestrationSteps>
  </orchestrationSteps>
</Orchestration>
