<?xml version='1.0' encoding='UTF-8'?>
<Orchestration>
  <omwObjectName>ORC_2312030001JDE</omwObjectName>
  <studioVersion>9.2.7.2</studioVersion>
  <name>Orch_DeleteEmployee</name>
  <shortDesc>Orch_DeleteEmployee</shortDesc>
  <version>v3</version>
  <productCode>55</productCode>
  <locale>en</locale>
  <category>JDE_Flutter</category>
  <updateTime>1717278875299</updateTime>
  <description></description>
  <message></message>
  <warningMessage></warningMessage>
  <errorMessage></errorMessage>
  <includeMessage>false</includeMessage>
  <includeWarningMessage>true</includeWarningMessage>
  <includeErrorMessage>true</includeErrorMessage>
  <includeStatus>true</includeStatus>
  <includeTimestamp>true</includeTimestamp>
  <includeExecutionTime>true</includeExecutionTime>
  <inputFormat>Generic</inputFormat>
  <jobQueue>JDE__DEFAULT</jobQueue>
  <scheduleUDOName></scheduleUDOName>
  <scheduleName></scheduleName>
  <nullDateAsString>false</nullDateAsString>
  <isPrivate>false</isPrivate>
  <exampleOutput></exampleOutput>
  <scheduleInput>{}</scheduleInput>
  <inputTypes>
    <inputTypes type="String" required="true" useBlankDefault="false">
      <name>empID</name>
      <displayName>empID</displayName>
    </inputTypes>
    <inputTypes type="Boolean" required="false" useBlankDefault="false">
      <name>Result</name>
      <displayName>Result</displayName>
    </inputTypes>
  </inputTypes>
  <variableTypes/>
  <orchestrationSteps>
    <orchestrationSteps type="LogicExtension" iterateOver="">
      <name>LE_DeleteEmployee</name>
      <omwObjectName>LEX_2312030001JDE</omwObjectName>
      <transformations>
        <transformations input="empID" output="employeeID" defaultValue=""/>
      </transformations>
      <outputMappings/>
      <continueOnError>false</continueOnError>
      <additionalErrorText></additionalErrorText>
      <exceptionProcess></exceptionProcess>
      <exceptionProcessName></exceptionProcessName>
      <exceptionProcessType>NONE</exceptionProcessType>
      <exProcFireAndForget>false</exProcFireAndForget>
      <excInputs/>
      <includeRawOutput>false</includeRawOutput>
      <fireAndForget>false</fireAndForget>
    </orchestrationSteps>
  </orchestrationSteps>
</Orchestration>
