<?xml version='1.0' encoding='UTF-8'?>
<Orchestration>
  <omwObjectName>ORC_2210160001JDE</omwObjectName>
  <studioVersion>9.2.7.2</studioVersion>
  <name>Orch_FlutterCompany</name>
  <shortDesc>Orch_FlutterCompany</shortDesc>
  <version>v3</version>
  <productCode>55</productCode>
  <locale>en</locale>
  <category>JDE_Flutter</category>
  <updateTime>1717278659454</updateTime>
  <description></description>
  <message></message>
  <warningMessage></warningMessage>
  <errorMessage></errorMessage>
  <includeMessage>false</includeMessage>
  <includeWarningMessage>false</includeWarningMessage>
  <includeErrorMessage>false</includeErrorMessage>
  <includeStatus>false</includeStatus>
  <includeTimestamp>false</includeTimestamp>
  <includeExecutionTime>false</includeExecutionTime>
  <inputFormat>Generic</inputFormat>
  <jobQueue>JDE__DEFAULT</jobQueue>
  <scheduleUDOName></scheduleUDOName>
  <scheduleName></scheduleName>
  <nullDateAsString>true</nullDateAsString>
  <isPrivate>false</isPrivate>
  <scheduleInput>{}</scheduleInput>
  <inputTypes>
    <inputTypes type="String" required="false" useBlankDefault="false">
      <name>companyID</name>
      <displayName>companyID</displayName>
    </inputTypes>
  </inputTypes>
  <variableTypes/>
  <orchestrationSteps>
    <orchestrationSteps type="ServiceRequest" subType="DATA_REQUEST" iterateOver="">
      <name>Flu_Company</name>
      <omwObjectName>SRE_2210160002JDE</omwObjectName>
      <transformations>
        <transformations input="companyID" output="${Company ID 1}" defaultValue=""/>
      </transformations>
      <outputMappings>
        <formOutputMappings>
          <formOutputMappings>
            <formIndex>0</formIndex>
            <name>Company</name>
            <outputToFile>false</outputToFile>
            <outputFileName></outputFileName>
            <outputType>CSV</outputType>
            <keepTempFiles>false</keepTempFiles>
            <overwriteFile>false</overwriteFile>
            <removeRowsetFromResponse>false</removeRowsetFromResponse>
            <gridOutputMappings>
              <gridOutputMappings>
                <outputMappings>
                  <outputMappings>
                    <name>Company Name</name>
                    <id>FCOMPANY.CONAME</id>
                    <type>String</type>
                  </outputMappings>
                  <outputMappings>
                    <name>Country Name</name>
                    <id>FCOMPANY.COUNAME</id>
                    <type>String</type>
                  </outputMappings>
                  <outputMappings>
                    <name>City Name</name>
                    <id>FCOMPANY.CITYNAME</id>
                    <type>String</type>
                  </outputMappings>
                  <outputMappings>
                    <name>Employee Name</name>
                    <id>FCOMPANY.EMPNAME</id>
                    <type>String</type>
                  </outputMappings>
                </outputMappings>
              </gridOutputMappings>
            </gridOutputMappings>
          </formOutputMappings>
        </formOutputMappings>
      </outputMappings>
      <continueOnError>false</continueOnError>
      <additionalErrorText></additionalErrorText>
      <exceptionProcess></exceptionProcess>
      <exceptionProcessName></exceptionProcessName>
      <exceptionProcessType>NONE</exceptionProcessType>
      <exProcFireAndForget>false</exProcFireAndForget>
      <excInputs/>
      <includeRawOutput>false</includeRawOutput>
      <fireAndForget>false</fireAndForget>
    </orchestrationSteps>
  </orchestrationSteps>
</Orchestration>
