<?xml version='1.0' encoding='UTF-8'?>
<Orchestration>
  <omwObjectName>ORC_2210160002JDE</omwObjectName>
  <studioVersion>9.2.7.2</studioVersion>
  <name>Orch_FlutterEmployee</name>
  <shortDesc>Orch_FlutterEmployee</shortDesc>
  <version>v3</version>
  <productCode>55</productCode>
  <locale>en</locale>
  <category>JDE_Flutter</category>
  <updateTime>1717278717767</updateTime>
  <description></description>
  <message></message>
  <warningMessage></warningMessage>
  <errorMessage></errorMessage>
  <includeMessage>false</includeMessage>
  <includeWarningMessage>false</includeWarningMessage>
  <includeErrorMessage>false</includeErrorMessage>
  <includeStatus>false</includeStatus>
  <includeTimestamp>false</includeTimestamp>
  <includeExecutionTime>false</includeExecutionTime>
  <inputFormat>Generic</inputFormat>
  <jobQueue>JDE__DEFAULT</jobQueue>
  <scheduleUDOName></scheduleUDOName>
  <scheduleName></scheduleName>
  <nullDateAsString>true</nullDateAsString>
  <isPrivate>false</isPrivate>
  <scheduleInput>{}</scheduleInput>
  <inputTypes/>
  <variableTypes/>
  <orchestrationSteps>
    <orchestrationSteps type="ServiceRequest" subType="DATA_REQUEST" iterateOver="">
      <name>FLU_Employee</name>
      <omwObjectName>SRE_2210160003JDE</omwObjectName>
      <outputMappings>
        <formOutputMappings>
          <formOutputMappings>
            <formIndex>0</formIndex>
            <name>Employee</name>
            <outputToFile>false</outputToFile>
            <outputFileName></outputFileName>
            <outputType>CSV</outputType>
            <keepTempFiles>false</keepTempFiles>
            <overwriteFile>false</overwriteFile>
            <removeRowsetFromResponse>false</removeRowsetFromResponse>
            <gridOutputMappings>
              <gridOutputMappings>
                <outputMappings>
                  <outputMappings>
                    <name>Employee ID</name>
                    <id>FEMPLOYE.EID</id>
                    <type>String</type>
                  </outputMappings>
                  <outputMappings>
                    <name>Employee Name</name>
                    <id>FEMPLOYE.EMPNAME</id>
                    <type>String</type>
                  </outputMappings>
                  <outputMappings>
                    <name>Company ID</name>
                    <id>FEMPLOYE.KID</id>
                    <type>String</type>
                  </outputMappings>
                  <outputMappings>
                    <name>Job Desc</name>
                    <id>FEMPLOYE.JBCX</id>
                    <type>String</type>
                  </outputMappings>
                </outputMappings>
              </gridOutputMappings>
            </gridOutputMappings>
          </formOutputMappings>
        </formOutputMappings>
      </outputMappings>
      <continueOnError>false</continueOnError>
      <additionalErrorText></additionalErrorText>
      <exceptionProcess></exceptionProcess>
      <exceptionProcessName></exceptionProcessName>
      <exceptionProcessType>NONE</exceptionProcessType>
      <exProcFireAndForget>false</exProcFireAndForget>
      <excInputs/>
      <includeRawOutput>false</includeRawOutput>
      <fireAndForget>false</fireAndForget>
    </orchestrationSteps>
  </orchestrationSteps>
</Orchestration>
