<?xml version='1.0' encoding='UTF-8'?>
<Orchestration>
  <omwObjectName>ORC_2401170001JDE</omwObjectName>
  <studioVersion>9.2.7.2</studioVersion>
  <name>Orch_UpdateEmployee</name>
  <shortDesc>LE_UpdateEmployee</shortDesc>
  <version>v3</version>
  <productCode>55</productCode>
  <locale>en</locale>
  <category>JDE_Flutter</category>
  <updateTime>1717278903425</updateTime>
  <description></description>
  <message></message>
  <warningMessage></warningMessage>
  <errorMessage></errorMessage>
  <includeMessage>false</includeMessage>
  <includeWarningMessage>true</includeWarningMessage>
  <includeErrorMessage>true</includeErrorMessage>
  <includeStatus>true</includeStatus>
  <includeTimestamp>true</includeTimestamp>
  <includeExecutionTime>true</includeExecutionTime>
  <inputFormat>Generic</inputFormat>
  <jobQueue>JDE__DEFAULT</jobQueue>
  <scheduleUDOName></scheduleUDOName>
  <scheduleName></scheduleName>
  <nullDateAsString>false</nullDateAsString>
  <isPrivate>false</isPrivate>
  <exampleOutput></exampleOutput>
  <scheduleInput>{}</scheduleInput>
  <inputTypes>
    <inputTypes type="String" required="true" useBlankDefault="false">
      <name>EmpID</name>
      <displayName>EmpID</displayName>
    </inputTypes>
    <inputTypes type="String" required="false" useBlankDefault="false">
      <name>EmpName</name>
      <displayName>EmpName</displayName>
    </inputTypes>
    <inputTypes type="String" required="false" useBlankDefault="false">
      <name>ComID</name>
      <displayName>ComID</displayName>
    </inputTypes>
    <inputTypes type="String" required="false" useBlankDefault="false">
      <name>JobTitle</name>
      <displayName>JobTitle</displayName>
    </inputTypes>
  </inputTypes>
  <variableTypes/>
  <orchestrationSteps>
    <orchestrationSteps type="LogicExtension" iterateOver="">
      <name>LE_UpdateEmployee</name>
      <omwObjectName>LEX_2401170001JDE</omwObjectName>
      <transformations>
        <transformations input="EmpID" output="EmployeeShortID" defaultValue=""/>
        <transformations input="EmpName" output="EmployeeName" defaultValue=""/>
        <transformations input="ComID" output="CompanyShortID" defaultValue=""/>
        <transformations input="JobTitle" output="JobTitle" defaultValue=""/>
      </transformations>
      <outputMappings>
        <formOutputMappings>
          <formOutputMappings>
            <formIndex>0</formIndex>
            <outputMappings>
              <outputMappings>
                <name>IOFlag</name>
                <id>5</id>
                <type>String</type>
              </outputMappings>
            </outputMappings>
          </formOutputMappings>
        </formOutputMappings>
      </outputMappings>
      <continueOnError>false</continueOnError>
      <additionalErrorText></additionalErrorText>
      <exceptionProcess></exceptionProcess>
      <exceptionProcessName></exceptionProcessName>
      <exceptionProcessType>NONE</exceptionProcessType>
      <exProcFireAndForget>false</exProcFireAndForget>
      <excInputs/>
      <includeRawOutput>false</includeRawOutput>
      <fireAndForget>false</fireAndForget>
    </orchestrationSteps>
  </orchestrationSteps>
</Orchestration>
